рік;Щільність населення, осіб на 1 кв.км;регіон;зміна, осіб на 1 кв.км;зміна, %
1989;79.1;Автономна Республіка Крим;;
1990;80.6;Автономна Республіка Крим;1.5;1.9
1991;82.2;Автономна Республіка Крим;1.6;1.99
1992;83.7;Автономна Республіка Крим;1.5;1.82
1993;85.2;Автономна Республіка Крим;1.5;1.79
1994;85.7;Автономна Республіка Крим;0.5;0.59
1995;85.1;Автономна Республіка Крим;-0.6;-0.7
1996;84.3;Автономна Республіка Крим;-0.8;-0.94
1997;83.1;Автономна Республіка Крим;-1.2;-1.42
1998;81.9;Автономна Республіка Крим;-1.2;-1.44
1999;80.8;Автономна Республіка Крим;-1.1;-1.34
2000;79.7;Автономна Республіка Крим;-1.1;-1.36
2001;78.6;Автономна Республіка Крим;-1.1;-1.38
2002;77.9;Автономна Республіка Крим;-0.7;-0.89
2003;77.3;Автономна Республіка Крим;-0.6;-0.77
2004;76.8;Автономна Республіка Крим;-0.5;-0.65
2005;76.4;Автономна Республіка Крим;-0.4;-0.52
2006;76;Автономна Республіка Крим;-0.4;-0.52
2007;75.8;Автономна Республіка Крим;-0.2;-0.26
2008;75.5;Автономна Республіка Крим;-0.3;-0.4
2009;75.4;Автономна Республіка Крим;-0.1;-0.13
2010;75.3;Автономна Республіка Крим;-0.1;-0.13
2011;75.3;Автономна Республіка Крим;0;0
2012;75.3;Автономна Республіка Крим;0;0
2013;75.3;Автономна Республіка Крим;0;0
2014;75.4;Автономна Республіка Крим;0.1;0.13
2015;;Автономна Республіка Крим;;
2016;;Автономна Республіка Крим;;
2017;;Автономна Республіка Крим;;
2018;;Автономна Республіка Крим;;
2019;;Автономна Республіка Крим;;
2020;;Автономна Республіка Крим;;
2021;;Автономна Республіка Крим;;
1989;72.9;Вінницька область;;
1990;72.7;Вінницька область;-0.2;-0.27
1991;72.2;Вінницька область;-0.5;-0.69
1992;72;Вінницька область;-0.2;-0.28
1993;72.1;Вінницька область;0.1;0.14
1994;71.9;Вінницька область;-0.2;-0.28
1995;71.3;Вінницька область;-0.6;-0.83
1996;70.8;Вінницька область;-0.5;-0.7
1997;70.2;Вінницька область;-0.6;-0.85
1998;69.6;Вінницька область;-0.6;-0.85
1999;69;Вінницька область;-0.6;-0.86
2000;68.3;Вінницька область;-0.7;-1.01
2001;67.6;Вінницька область;-0.7;-1.02
2002;66.9;Вінницька область;-0.7;-1.04
2003;66.2;Вінницька область;-0.7;-1.05
2004;65.5;Вінницька область;-0.7;-1.06
2005;64.9;Вінницька область;-0.6;-0.92
2006;64.2;Вінницька область;-0.7;-1.08
2007;63.6;Вінницька область;-0.6;-0.93
2008;63.1;Вінницька область;-0.5;-0.79
2009;62.6;Вінницька область;-0.5;-0.79
2010;62.3;Вінницька область;-0.3;-0.48
2011;61.9;Вінницька область;-0.4;-0.64
2012;61.7;Вінницька область;-0.2;-0.32
2013;61.4;Вінницька область;-0.3;-0.49
2014;61.1;Вінницька область;-0.3;-0.49
2015;;Вінницька область;;
2016;;Вінницька область;;
2017;;Вінницька область;;
2018;;Вінницька область;;
2019;;Вінницька область;;
2020;;Вінницька область;;
2021;;Вінницька область;;
1989;52.8;Волинська область;;
1990;52.9;Волинська область;0.1;0.19
1991;53.2;Волинська область;0.3;0.57
1992;53.4;Волинська область;0.2;0.38
1993;53.6;Волинська область;0.2;0.37
1994;53.8;Волинська область;0.2;0.37
1995;53.6;Волинська область;-0.2;-0.37
1996;53.6;Волинська область;0;0
1997;53.5;Волинська область;-0.1;-0.19
1998;53.4;Волинська область;-0.1;-0.19
1999;53.3;Волинська область;-0.1;-0.19
2000;53.1;Волинська область;-0.2;-0.38
2001;52.9;Волинська область;-0.2;-0.38
2002;52.8;Волинська область;-0.1;-0.19
2003;52.5;Волинська область;-0.3;-0.57
2004;52.2;Волинська область;-0.3;-0.57
2005;52;Волинська область;-0.2;-0.38
2006;51.8;Волинська область;-0.2;-0.38
2007;51.6;Волинська область;-0.2;-0.39
2008;51.6;Волинська область;0;0
2009;51.6;Волинська область;0;0
2010;51.5;Волинська область;-0.1;-0.19
2011;51.5;Волинська область;0;0
2012;51.6;Волинська область;0.1;0.19
2013;51.6;Волинська область;0;0
2014;51.7;Волинська область;0.1;0.19
2015;;Волинська область;;
2016;;Волинська область;;
2017;;Волинська область;;
2018;;Волинська область;;
2019;;Волинська область;;
2020;;Волинська область;;
2021;;Волинська область;;
1989;121.7;Дніпропетровська область;;
1990;122.2;Дніпропетровська область;0.5;0.41
1991;122.5;Дніпропетровська область;0.3;0.25
1992;122.8;Дніпропетровська область;0.3;0.24
1993;123.4;Дніпропетровська область;0.6;0.49
1994;123;Дніпропетровська область;-0.4;-0.32
1995;121.9;Дніпропетровська область;-1.1;-0.89
1996;120.6;Дніпропетровська область;-1.3;-1.07
1997;119.3;Дніпропетровська область;-1.3;-1.08
1998;117.8;Дніпропетровська область;-1.5;-1.26
1999;116.5;Дніпропетровська область;-1.3;-1.1
2000;114.8;Дніпропетровська область;-1.7;-1.46
2001;113.2;Дніпропетровська область;-1.6;-1.39
2002;111.8;Дніпропетровська область;-1.4;-1.24
2003;110.7;Дніпропетровська область;-1.1;-0.98
2004;109.8;Дніпропетровська область;-0.9;-0.81
2005;109;Дніпропетровська область;-0.8;-0.73
2006;108.1;Дніпропетровська область;-0.9;-0.83
2007;107.3;Дніпропетровська область;-0.8;-0.74
2008;106.5;Дніпропетровська область;-0.8;-0.75
2009;105.8;Дніпропетровська область;-0.7;-0.66
2010;105.1;Дніпропетровська область;-0.7;-0.66
2011;104.5;Дніпропетровська область;-0.6;-0.57
2012;104;Дніпропетровська область;-0.5;-0.48
2013;103.6;Дніпропетровська область;-0.4;-0.38
2014;103.1;Дніпропетровська область;-0.5;-0.48
2015;;Дніпропетровська область;;
2016;;Дніпропетровська область;;
2017;;Дніпропетровська область;;
2018;;Дніпропетровська область;;
2019;;Дніпропетровська область;;
2020;;Дніпропетровська область;;
2021;;Дніпропетровська область;;
1989;201.2;Донецька область;;
1990;201.5;Донецька область;0.3;0.15
1991;201.8;Донецька область;0.3;0.15
1992;202;Донецька область;0.2;0.1
1993;202.5;Донецька область;0.5;0.25
1994;201.2;Донецька область;-1.3;-0.64
1995;198.8;Донецька область;-2.4;-1.19
1996;196.3;Донецька область;-2.5;-1.26
1997;193.6;Донецька область;-2.7;-1.38
1998;191.3;Донецька область;-2.3;-1.19
1999;189.2;Донецька область;-2.1;-1.1
2000;186.9;Донецька область;-2.3;-1.22
2001;184.7;Донецька область;-2.2;-1.18
2002;182.7;Донецька область;-2;-1.08
2003;180.2;Донецька область;-2.5;-1.37
2004;178.1;Донецька область;-2.1;-1.17
2005;176.3;Донецька область;-1.8;-1.01
2006;174.4;Донецька область;-1.9;-1.08
2007;172.9;Донецька область;-1.5;-0.86
2008;171.3;Донецька область;-1.6;-0.93
2009;169.8;Донецька область;-1.5;-0.88
2010;168.4;Донецька область;-1.4;-0.82
2011;167.2;Донецька область;-1.2;-0.71
2012;166;Донецька область;-1.2;-0.72
2013;165;Донецька область;-1;-0.6
2014;163.8;Донецька область;-1.2;-0.73
2015;;Донецька область;;
2016;;Донецька область;;
2017;;Донецька область;;
2018;;Донецька область;;
2019;;Донецька область;;
2020;;Донецька область;;
2021;;Донецька область;;
1989;51.9;Житомирська область;;
1990;51.6;Житомирська область;-0.3;-0.58
1991;50.7;Житомирська область;-0.9;-1.74
1992;50.5;Житомирська область;-0.2;-0.39
1993;50.7;Житомирська область;0.2;0.4
1994;50.5;Житомирська область;-0.2;-0.39
1995;50.1;Житомирська область;-0.4;-0.79
1996;49.6;Житомирська область;-0.5;-1
1997;49.1;Житомирська область;-0.5;-1.01
1998;48.6;Житомирська область;-0.5;-1.02
1999;48.2;Житомирська область;-0.4;-0.82
2000;47.7;Житомирська область;-0.5;-1.04
2001;47.2;Житомирська область;-0.5;-1.05
2002;46.6;Житомирська область;-0.6;-1.27
2003;46.1;Житомирська область;-0.5;-1.07
2004;45.6;Житомирська область;-0.5;-1.08
2005;45.1;Житомирська область;-0.5;-1.1
2006;44.6;Житомирська область;-0.5;-1.11
2007;44.2;Житомирська область;-0.4;-0.9
2008;43.8;Житомирська область;-0.4;-0.9
2009;43.4;Житомирська область;-0.4;-0.91
2010;43.1;Житомирська область;-0.3;-0.69
2011;42.9;Житомирська область;-0.2;-0.46
2012;42.7;Житомирська область;-0.2;-0.47
2013;42.5;Житомирська область;-0.2;-0.47
2014;42.3;Житомирська область;-0.2;-0.47
2015;;Житомирська область;;
2016;;Житомирська область;;
2017;;Житомирська область;;
2018;;Житомирська область;;
2019;;Житомирська область;;
2020;;Житомирська область;;
2021;;Житомирська область;;
1989;97.8;Закарпатська область;;
1990;98.3;Закарпатська область;0.5;0.51
1991;98.9;Закарпатська область;0.6;0.61
1992;99.3;Закарпатська область;0.4;0.4
1993;100.1;Закарпатська область;0.8;0.81
1994;100.5;Закарпатська область;0.4;0.4
1995;100.6;Закарпатська область;0.1;0.1
1996;100.4;Закарпатська область;-0.2;-0.2
1997;100;Закарпатська область;-0.4;-0.4
1998;99.7;Закарпатська область;-0.3;-0.3
1999;99.3;Закарпатська область;-0.4;-0.4
2000;98.7;Закарпатська область;-0.6;-0.6
2001;98.5;Закарпатська область;-0.2;-0.2
2002;98.3;Закарпатська область;-0.2;-0.2
2003;98;Закарпатська область;-0.3;-0.31
2004;97.7;Закарпатська область;-0.3;-0.31
2005;97.5;Закарпатська область;-0.2;-0.2
2006;97.3;Закарпатська область;-0.2;-0.21
2007;97.2;Закарпатська область;-0.1;-0.1
2008;97.1;Закарпатська область;-0.1;-0.1
2009;97.1;Закарпатська область;0;0
2010;97.6;Закарпатська область;0.5;0.51
2011;97.8;Закарпатська область;0.2;0.2
2012;98.1;Закарпатська область;0.3;0.31
2013;98.4;Закарпатська область;0.3;0.31
2014;98.6;Закарпатська область;0.2;0.2
2015;;Закарпатська область;;
2016;;Закарпатська область;;
2017;;Закарпатська область;;
2018;;Закарпатська область;;
2019;;Закарпатська область;;
2020;;Закарпатська область;;
2021;;Закарпатська область;;
1989;76.5;Запорізька область;;
1990;76.9;Запорізька область;0.4;0.52
1991;77.2;Запорізька область;0.3;0.39
1992;77.5;Запорізька область;0.3;0.39
1993;77.8;Запорізька область;0.3;0.39
1994;77.6;Запорізька область;-0.2;-0.26
1995;77;Запорізька область;-0.6;-0.77
1996;76.2;Запорізька область;-0.8;-1.04
1997;75.3;Запорізька область;-0.9;-1.18
1998;74.3;Запорізька область;-1;-1.33
1999;73.4;Запорізька область;-0.9;-1.21
2000;72.4;Запорізька область;-1;-1.36
2001;71.6;Запорізька область;-0.8;-1.1
2002;70.9;Запорізька область;-0.7;-0.98
2003;70.2;Запорізька область;-0.7;-0.99
2004;69.6;Запорізька область;-0.6;-0.85
2005;69;Запорізька область;-0.6;-0.86
2006;68.4;Запорізька область;-0.6;-0.87
2007;67.9;Запорізька область;-0.5;-0.73
2008;67.4;Запорізька область;-0.5;-0.74
2009;67;Запорізька область;-0.4;-0.59
2010;66.6;Запорізька область;-0.4;-0.6
2011;66.3;Запорізька область;-0.3;-0.45
2012;65.9;Запорізька область;-0.4;-0.6
2013;65.7;Запорізька область;-0.2;-0.3
2014;65.3;Запорізька область;-0.4;-0.61
2015;;Запорізька область;;
2016;;Запорізька область;;
2017;;Запорізька область;;
2018;;Запорізька область;;
2019;;Запорізька область;;
2020;;Запорізька область;;
2021;;Запорізька область;;
1989;102.4;Івано-Франківська область;;
1990;103;Івано-Франківська область;0.6;0.59
1991;103.8;Івано-Франківська область;0.8;0.78
1992;104.4;Івано-Франківська область;0.6;0.58
1993;105.1;Івано-Франківська область;0.7;0.67
1994;105.4;Івано-Франківська область;0.3;0.29
1995;105.5;Івано-Франківська область;0.1;0.09
1996;105.2;Івано-Франківська область;-0.3;-0.28
1997;104.7;Івано-Франківська область;-0.5;-0.48
1998;104.2;Івано-Франківська область;-0.5;-0.48
1999;103.6;Івано-Франківська область;-0.6;-0.58
2000;102.9;Івано-Франківська область;-0.7;-0.68
2001;102.2;Івано-Франківська область;-0.7;-0.68
2002;101.4;Івано-Франківська область;-0.8;-0.78
2003;101;Івано-Франківська область;-0.4;-0.39
2004;100.6;Івано-Франківська область;-0.4;-0.4
2005;100.3;Івано-Франківська область;-0.3;-0.3
2006;99.9;Івано-Франківська область;-0.4;-0.4
2007;99.7;Івано-Франківська область;-0.2;-0.2
2008;99.5;Івано-Франківська область;-0.2;-0.2
2009;99.4;Івано-Франківська область;-0.1;-0.1
2010;99.1;Івано-Франківська область;-0.3;-0.3
2011;99.1;Івано-Франківська область;0;0
2012;99.1;Івано-Франківська область;0;0
2013;99.2;Івано-Франківська область;0.1;0.1
2014;99.2;Івано-Франківська область;0;0
2015;;Івано-Франківська область;;
2016;;Івано-Франківська область;;
2017;;Івано-Франківська область;;
2018;;Івано-Франківська область;;
2019;;Івано-Франківська область;;
2020;;Івано-Франківська область;;
2021;;Івано-Франківська область;;
1989;68.9;Київська область;;
1990;69.3;Київська область;0.4;0.58
1991;69.3;Київська область;0;0
1992;69;Київська область;-0.3;-0.43
1993;69;Київська область;0;0
1994;68.6;Київська область;-0.4;-0.58
1995;68;Київська область;-0.6;-0.87
1996;67.7;Київська область;-0.3;-0.44
1997;67.4;Київська область;-0.3;-0.44
1998;67.1;Київська область;-0.3;-0.45
1999;66.7;Київська область;-0.4;-0.6
2000;66.2;Київська область;-0.5;-0.75
2001;65.6;Київська область;-0.6;-0.91
2002;65;Київська область;-0.6;-0.91
2003;64.4;Київська область;-0.6;-0.92
2004;63.8;Київська область;-0.6;-0.93
2005;63.3;Київська область;-0.5;-0.78
2006;62.8;Київська область;-0.5;-0.79
2007;62.3;Київська область;-0.5;-0.8
2008;61.8;Київська область;-0.5;-0.8
2009;61.5;Київська область;-0.3;-0.49
2010;61.2;Київська область;-0.3;-0.49
2011;61.1;Київська область;-0.1;-0.16
2012;61.1;Київська область;0;0
2013;61.2;Київська область;0.1;0.16
2014;61.4;Київська область;0.2;0.33
2015;;Київська область;;
2016;;Київська область;;
2017;;Київська область;;
2018;;Київська область;;
2019;;Київська область;;
2020;;Київська область;;
2021;;Київська область;;
1989;50.4;Кіровоградська область;;
1990;50.4;Кіровоградська область;0;0
1991;50.6;Кіровоградська область;0.2;0.4
1992;50.7;Кіровоградська область;0.1;0.2
1993;50.9;Кіровоградська область;0.2;0.39
1994;50.7;Кіровоградська область;-0.2;-0.39
1995;50.3;Кіровоградська область;-0.4;-0.79
1996;49.8;Кіровоградська область;-0.5;-0.99
1997;49.2;Кіровоградська область;-0.6;-1.2
1998;48.6;Кіровоградська область;-0.6;-1.22
1999;48;Кіровоградська область;-0.6;-1.23
2000;47.3;Кіровоградська область;-0.7;-1.46
2001;46.6;Кіровоградська область;-0.7;-1.48
2002;46.1;Кіровоградська область;-0.5;-1.07
2003;45.4;Кіровоградська область;-0.7;-1.52
2004;44.7;Кіровоградська область;-0.7;-1.54
2005;44.1;Кіровоградська область;-0.6;-1.34
2006;43.4;Кіровоградська область;-0.7;-1.59
2007;42.8;Кіровоградська область;-0.6;-1.38
2008;42.3;Кіровоградська область;-0.5;-1.17
2009;41.7;Кіровоградська область;-0.6;-1.42
2010;41.4;Кіровоградська область;-0.3;-0.72
2011;41.1;Кіровоградська область;-0.3;-0.72
2012;40.8;Кіровоградська область;-0.3;-0.73
2013;40.5;Кіровоградська область;-0.3;-0.74
2014;40.2;Кіровоградська область;-0.3;-0.74
2015;;Кіровоградська область;;
2016;;Кіровоградська область;;
2017;;Кіровоградська область;;
2018;;Кіровоградська область;;
2019;;Кіровоградська область;;
2020;;Кіровоградська область;;
2021;;Кіровоградська область;;
1989;107.2;Луганська область;;
1990;107.4;Луганська область;0.2;0.19
1991;107.5;Луганська область;0.1;0.09
1992;107.8;Луганська область;0.3;0.28
1993;108.1;Луганська область;0.3;0.28
1994;107.4;Луганська область;-0.7;-0.65
1995;105.9;Луганська область;-1.5;-1.4
1996;104.3;Луганська область;-1.6;-1.51
1997;102.6;Луганська область;-1.7;-1.63
1998;101.2;Луганська область;-1.4;-1.36
1999;99.9;Луганська область;-1.3;-1.28
2000;98.4;Луганська область;-1.5;-1.5
2001;97;Луганська область;-1.4;-1.42
2002;95.4;Луганська область;-1.6;-1.65
2003;93.9;Луганська область;-1.5;-1.57
2004;92.6;Луганська область;-1.3;-1.38
2005;91.4;Луганська область;-1.2;-1.3
2006;90.2;Луганська область;-1.2;-1.31
2007;89.2;Луганська область;-1;-1.11
2008;88.2;Луганська область;-1;-1.12
2009;87.3;Луганська область;-0.9;-1.02
2010;86.6;Луганська область;-0.7;-0.8
2011;85.9;Луганська область;-0.7;-0.81
2012;85.2;Луганська область;-0.7;-0.81
2013;84.6;Луганська область;-0.6;-0.7
2014;83.9;Луганська область;-0.7;-0.83
2015;;Луганська область;;
2016;;Луганська область;;
2017;;Луганська область;;
2018;;Луганська область;;
2019;;Луганська область;;
2020;;Луганська область;;
2021;;Луганська область;;
1989;126;Львівська область;;
1990;126.3;Львівська область;0.3;0.24
1991;126.8;Львівська область;0.5;0.4
1992;127.1;Львівська область;0.3;0.24
1993;127.4;Львівська область;0.3;0.24
1994;127.4;Львівська область;0;0
1995;127.1;Львівська область;-0.3;-0.24
1996;126.3;Львівська область;-0.8;-0.63
1997;125.5;Львівська область;-0.8;-0.63
1998;124.7;Львівська область;-0.8;-0.64
1999;123.9;Львівська область;-0.8;-0.64
2000;122.8;Львівська область;-1.1;-0.89
2001;121.6;Львівська область;-1.2;-0.98
2002;120.5;Львівська область;-1.1;-0.9
2003;119.8;Львівська область;-0.7;-0.58
2004;119.2;Львівська область;-0.6;-0.5
2005;118.7;Львівська область;-0.5;-0.42
2006;118.2;Львівська область;-0.5;-0.42
2007;117.8;Львівська область;-0.4;-0.34
2008;117.4;Львівська область;-0.4;-0.34
2009;117.1;Львівська область;-0.3;-0.26
2010;116.8;Львівська область;-0.3;-0.26
2011;116.6;Львівська область;-0.2;-0.17
2012;116.4;Львівська область;-0.2;-0.17
2013;116.4;Львівська область;0;0
2014;116.3;Львівська область;-0.1;-0.09
2015;;Львівська область;;
2016;;Львівська область;;
2017;;Львівська область;;
2018;;Львівська область;;
2019;;Львівська область;;
2020;;Львівська область;;
2021;;Львівська область;;
1989;54.1;Миколаївська область;;
1990;54.3;Миколаївська область;0.2;0.37
1991;54.6;Миколаївська область;0.3;0.55
1992;54.9;Миколаївська область;0.3;0.55
1993;55.3;Миколаївська область;0.4;0.73
1994;55.3;Миколаївська область;0;0
1995;55;Миколаївська область;-0.3;-0.54
1996;54.6;Миколаївська область;-0.4;-0.73
1997;54.1;Миколаївська область;-0.5;-0.92
1998;53.7;Миколаївська область;-0.4;-0.74
1999;53.1;Миколаївська область;-0.6;-1.12
2000;52.6;Миколаївська область;-0.5;-0.94
2001;52;Миколаївська область;-0.6;-1.14
2002;51.4;Миколаївська область;-0.6;-1.15
2003;50.9;Миколаївська область;-0.5;-0.97
2004;50.4;Миколаївська область;-0.5;-0.98
2005;50;Миколаївська область;-0.4;-0.79
2006;49.6;Миколаївська область;-0.4;-0.8
2007;49.3;Миколаївська область;-0.3;-0.6
2008;48.9;Миколаївська область;-0.4;-0.81
2009;48.6;Миколаївська область;-0.3;-0.61
2010;48.4;Миколаївська область;-0.2;-0.41
2011;48.1;Миколаївська область;-0.3;-0.62
2012;47.9;Миколаївська область;-0.2;-0.42
2013;47.7;Миколаївська область;-0.2;-0.42
2014;47.5;Миколаївська область;-0.2;-0.42
2015;;Миколаївська область;;
2016;;Миколаївська область;;
2017;;Миколаївська область;;
2018;;Миколаївська область;;
2019;;Миколаївська область;;
2020;;Миколаївська область;;
2021;;Миколаївська область;;
1989;79.4;Одеська область;;
1990;79.2;Одеська область;-0.2;-0.25
1991;79.1;Одеська область;-0.1;-0.13
1992;79.1;Одеська область;0;0
1993;79.3;Одеська область;0.2;0.25
1994;78.9;Одеська область;-0.4;-0.5
1995;78.3;Одеська область;-0.6;-0.76
1996;77.7;Одеська область;-0.6;-0.77
1997;77.1;Одеська область;-0.6;-0.77
1998;76.5;Одеська область;-0.6;-0.78
1999;75.9;Одеська область;-0.6;-0.78
2000;75.4;Одеська область;-0.5;-0.66
2001;74.7;Одеська область;-0.7;-0.93
2002;74.1;Одеська область;-0.6;-0.8
2003;73.5;Одеська область;-0.6;-0.81
2004;73;Одеська область;-0.5;-0.68
2005;72.5;Одеська область;-0.5;-0.68
2006;72.1;Одеська область;-0.4;-0.55
2007;71.9;Одеська область;-0.2;-0.28
2008;71.9;Одеська область;0;0
2009;71.8;Одеська область;-0.1;-0.14
2010;71.8;Одеська область;0;0
2011;71.7;Одеська область;-0.1;-0.14
2012;71.7;Одеська область;0;0
2013;71.9;Одеська область;0.2;0.28
2014;71.9;Одеська область;0;0
2015;;Одеська область;;
2016;;Одеська область;;
2017;;Одеська область;;
2018;;Одеська область;;
2019;;Одеська область;;
2020;;Одеська область;;
2021;;Одеська область;;
1989;60.9;Полтавська область;;
1990;61;Полтавська область;0.1;0.16
1991;61;Полтавська область;0;0
1992;61.2;Полтавська область;0.2;0.33
1993;61.5;Полтавська область;0.3;0.49
1994;61.3;Полтавська область;-0.2;-0.33
1995;60.9;Полтавська область;-0.4;-0.65
1996;60.3;Полтавська область;-0.6;-0.99
1997;59.8;Полтавська область;-0.5;-0.83
1998;59.2;Полтавська область;-0.6;-1
1999;58.7;Полтавська область;-0.5;-0.84
2000;58.1;Полтавська область;-0.6;-1.02
2001;57.4;Полтавська область;-0.7;-1.2
2002;56.6;Полтавська область;-0.8;-1.39
2003;55.9;Полтавська область;-0.7;-1.24
2004;55.2;Полтавська область;-0.7;-1.25
2005;54.6;Полтавська область;-0.6;-1.09
2006;54;Полтавська область;-0.6;-1.1
2007;53.5;Полтавська область;-0.5;-0.93
2008;52.9;Полтавська область;-0.6;-1.12
2009;52.5;Полтавська область;-0.4;-0.76
2010;52.2;Полтавська область;-0.3;-0.57
2011;51.7;Полтавська область;-0.5;-0.96
2012;51.4;Полтавська область;-0.3;-0.58
2013;51.1;Полтавська область;-0.3;-0.58
2014;50.7;Полтавська область;-0.4;-0.78
2015;;Полтавська область;;
2016;;Полтавська область;;
2017;;Полтавська область;;
2018;;Полтавська область;;
2019;;Полтавська область;;
2020;;Полтавська область;;
2021;;Полтавська область;;
1989;58.2;Рівненська область;;
1990;58.4;Рівненська область;0.2;0.34
1991;58.5;Рівненська область;0.1;0.17
1992;58.8;Рівненська область;0.3;0.51
1993;59.2;Рівненська область;0.4;0.68
1994;59.4;Рівненська область;0.2;0.34
1995;59.4;Рівненська область;0;0
1996;59.4;Рівненська область;0;0
1997;59.2;Рівненська область;-0.2;-0.34
1998;59.2;Рівненська область;0;0
1999;59.1;Рівненська область;-0.1;-0.17
2000;58.9;Рівненська область;-0.2;-0.34
2001;58.7;Рівненська область;-0.2;-0.34
2002;58.4;Рівненська область;-0.3;-0.51
2003;58.1;Рівненська область;-0.3;-0.51
2004;57.9;Рівненська область;-0.2;-0.34
2005;57.7;Рівненська область;-0.2;-0.35
2006;57.5;Рівненська область;-0.2;-0.35
2007;57.4;Рівненська область;-0.1;-0.17
2008;57.3;Рівненська область;-0.1;-0.17
2009;57.3;Рівненська область;0;0
2010;57.4;Рівненська область;0.1;0.17
2011;57.5;Рівненська область;0.1;0.17
2012;57.6;Рівненська область;0.1;0.17
2013;57.7;Рівненська область;0.1;0.17
2014;57.8;Рівненська область;0.1;0.17
2015;;Рівненська область;;
2016;;Рівненська область;;
2017;;Рівненська область;;
2018;;Рівненська область;;
2019;;Рівненська область;;
2020;;Рівненська область;;
2021;;Рівненська область;;
1989;60.2;Сумська область;;
1990;60.1;Сумська область;-0.1;-0.17
1991;60.1;Сумська область;0;0
1992;60.1;Сумська область;0;0
1993;60.2;Сумська область;0.1;0.17
1994;59.9;Сумська область;-0.3;-0.5
1995;59.3;Сумська область;-0.6;-1
1996;58.7;Сумська область;-0.6;-1.01
1997;58.2;Сумська область;-0.5;-0.85
1998;57.6;Сумська область;-0.6;-1.03
1999;56.9;Сумська область;-0.7;-1.22
2000;56.2;Сумська область;-0.7;-1.23
2001;55.4;Сумська область;-0.8;-1.42
2002;54.6;Сумська область;-0.8;-1.44
2003;53.8;Сумська область;-0.8;-1.47
2004;53;Сумська область;-0.8;-1.49
2005;52.3;Сумська область;-0.7;-1.32
2006;51.5;Сумська область;-0.8;-1.53
2007;50.9;Сумська область;-0.6;-1.17
2008;50.3;Сумська область;-0.6;-1.18
2009;49.7;Сумська область;-0.6;-1.19
2010;49.2;Сумська область;-0.5;-1.01
2011;48.7;Сумська область;-0.5;-1.02
2012;48.4;Сумська область;-0.3;-0.62
2013;48;Сумська область;-0.4;-0.83
2014;47.5;Сумська область;-0.5;-1.04
2015;;Сумська область;;
2016;;Сумська область;;
2017;;Сумська область;;
2018;;Сумська область;;
2019;;Сумська область;;
2020;;Сумська область;;
2021;;Сумська область;;
1989;84.7;Тернопільська область;;
1990;84.9;Тернопільська область;0.2;0.24
1991;85.2;Тернопільська область;0.3;0.35
1992;85.3;Тернопільська область;0.1;0.12
1993;85.5;Тернопільська область;0.2;0.23
1994;85.5;Тернопільська область;0;0
1995;85.3;Тернопільська область;-0.2;-0.23
1996;85.2;Тернопільська область;-0.1;-0.12
1997;84.9;Тернопільська область;-0.3;-0.35
1998;84.7;Тернопільська область;-0.2;-0.24
1999;84.3;Тернопільська область;-0.4;-0.47
2000;83.8;Тернопільська область;-0.5;-0.59
2001;83.3;Тернопільська область;-0.5;-0.6
2002;82.8;Тернопільська область;-0.5;-0.6
2003;82.2;Тернопільська область;-0.6;-0.72
2004;81.6;Тернопільська область;-0.6;-0.73
2005;81.1;Тернопільська область;-0.5;-0.61
2006;80.6;Тернопільська область;-0.5;-0.62
2007;80.1;Тернопільська область;-0.5;-0.62
2008;79.6;Тернопільська область;-0.5;-0.62
2009;79.2;Тернопільська область;-0.4;-0.5
2010;78.8;Тернопільська область;-0.4;-0.51
2011;78.4;Тернопільська область;-0.4;-0.51
2012;78.2;Тернопільська область;-0.2;-0.26
2013;77.9;Тернопільська область;-0.3;-0.38
2014;77.6;Тернопільська область;-0.3;-0.39
2015;;Тернопільська область;;
2016;;Тернопільська область;;
2017;;Тернопільська область;;
2018;;Тернопільська область;;
2019;;Тернопільська область;;
2020;;Тернопільська область;;
2021;;Тернопільська область;;
1989;101.8;Харківська область;;
1990;101.8;Харківська область;0;0
1991;101.7;Харківська область;-0.1;-0.1
1992;101.5;Харківська область;-0.2;-0.2
1993;101.3;Харківська область;-0.2;-0.2
1994;100.6;Харківська область;-0.7;-0.69
1995;99.5;Харківська область;-1.1;-1.09
1996;98.3;Харківська область;-1.2;-1.21
1997;97.3;Харківська область;-1;-1.02
1998;96.3;Харківська область;-1;-1.03
1999;95.4;Харківська область;-0.9;-0.93
2000;94.5;Харківська область;-0.9;-0.94
2001;93.5;Харківська область;-1;-1.06
2002;92.8;Харківська область;-0.7;-0.75
2003;92;Харківська область;-0.8;-0.86
2004;91.3;Харківська область;-0.7;-0.76
2005;90.7;Харківська область;-0.6;-0.66
2006;90.1;Харківська область;-0.6;-0.66
2007;89.6;Харківська область;-0.5;-0.55
2008;89;Харківська область;-0.6;-0.67
2009;88.6;Харківська область;-0.4;-0.45
2010;88.1;Харківська область;-0.5;-0.56
2011;87.7;Харківська область;-0.4;-0.45
2012;87.3;Харківська область;-0.4;-0.46
2013;87.4;Харківська область;0.1;0.11
2014;87.1;Харківська область;-0.3;-0.34
2015;;Харківська область;;
2016;;Харківська область;;
2017;;Харківська область;;
2018;;Харківська область;;
2019;;Харківська область;;
2020;;Харківська область;;
2021;;Харківська область;;
1989;43.5;Херсонська область;;
1990;43.8;Херсонська область;0.3;0.69
1991;44.2;Херсонська область;0.4;0.91
1992;44.6;Херсонська область;0.4;0.9
1993;45;Херсонська область;0.4;0.9
1994;45;Херсонська область;0;0
1995;44.7;Херсонська область;-0.3;-0.67
1996;44.2;Херсонська область;-0.5;-1.12
1997;43.7;Херсонська область;-0.5;-1.13
1998;43.3;Херсонська область;-0.4;-0.92
1999;42.8;Херсонська область;-0.5;-1.15
2000;42.3;Херсонська область;-0.5;-1.17
2001;41.7;Херсонська область;-0.6;-1.42
2002;41.2;Херсонська область;-0.5;-1.2
2003;40.8;Херсонська область;-0.4;-0.97
2004;40.3;Херсонська область;-0.5;-1.23
2005;39.9;Херсонська область;-0.4;-0.99
2006;39.5;Херсонська область;-0.4;-1
2007;39.2;Херсонська область;-0.3;-0.76
2008;38.9;Херсонська область;-0.3;-0.77
2009;38.6;Херсонська область;-0.3;-0.77
2010;38.4;Херсонська область;-0.2;-0.52
2011;38.2;Херсонська область;-0.2;-0.52
2012;38.1;Херсонська область;-0.1;-0.26
2013;37.9;Херсонська область;-0.2;-0.52
2014;37.7;Херсонська область;-0.2;-0.53
2015;;Херсонська область;;
2016;;Херсонська область;;
2017;;Херсонська область;;
2018;;Херсонська область;;
2019;;Херсонська область;;
2020;;Херсонська область;;
2021;;Херсонська область;;
1989;74.1;Хмельницька область;;
1990;73.9;Хмельницька область;-0.2;-0.27
1991;73.8;Хмельницька область;-0.1;-0.14
1992;73.9;Хмельницька область;0.1;0.14
1993;74.1;Хмельницька область;0.2;0.27
1994;74.1;Хмельницька область;0;0
1995;73.6;Хмельницька область;-0.5;-0.67
1996;73.2;Хмельницька область;-0.4;-0.54
1997;72.7;Хмельницька область;-0.5;-0.68
1998;72.1;Хмельницька область;-0.6;-0.83
1999;71.5;Хмельницька область;-0.6;-0.83
2000;70.8;Хмельницька область;-0.7;-0.98
2001;70.1;Хмельницька область;-0.7;-0.99
2002;69.5;Хмельницька область;-0.6;-0.86
2003;68.7;Хмельницька область;-0.8;-1.15
2004;68;Хмельницька область;-0.7;-1.02
2005;67.4;Хмельницька область;-0.6;-0.88
2006;66.7;Хмельницька область;-0.7;-1.04
2007;66.1;Хмельницька область;-0.6;-0.9
2008;65.5;Хмельницька область;-0.6;-0.91
2009;65.1;Хмельницька область;-0.4;-0.61
2010;64.7;Хмельницька область;-0.4;-0.61
2011;64.3;Хмельницька область;-0.4;-0.62
2012;64;Хмельницька область;-0.3;-0.47
2013;63.7;Хмельницька область;-0.3;-0.47
2014;63.4;Хмельницька область;-0.3;-0.47
2015;;Хмельницька область;;
2016;;Хмельницька область;;
2017;;Хмельницька область;;
2018;;Хмельницька область;;
2019;;Хмельницька область;;
2020;;Хмельницька область;;
2021;;Хмельницька область;;
1989;73.3;Черкаська область;;
1990;73.3;Черкаська область;0;0
1991;73.2;Черкаська область;-0.1;-0.14
1992;73.3;Черкаська область;0.1;0.14
1993;73.5;Черкаська область;0.2;0.27
1994;73.2;Черкаська область;-0.3;-0.41
1995;72.6;Черкаська область;-0.6;-0.82
1996;71.8;Черкаська область;-0.8;-1.1
1997;71;Черкаська область;-0.8;-1.11
1998;70.4;Черкаська область;-0.6;-0.85
1999;69.6;Черкаська область;-0.8;-1.14
2000;68.8;Черкаська область;-0.8;-1.15
2001;67.9;Черкаська область;-0.9;-1.31
2002;67.1;Черкаська область;-0.8;-1.18
2003;66.3;Черкаська область;-0.8;-1.19
2004;65.7;Черкаська область;-0.6;-0.9
2005;64.9;Черкаська область;-0.8;-1.22
2006;64.2;Черкаська область;-0.7;-1.08
2007;63.5;Черкаська область;-0.7;-1.09
2008;62.9;Черкаська область;-0.6;-0.94
2009;62.4;Черкаська область;-0.5;-0.79
2010;61.9;Черкаська область;-0.5;-0.8
2011;61.5;Черкаська область;-0.4;-0.65
2012;61.1;Черкаська область;-0.4;-0.65
2013;60.7;Черкаська область;-0.4;-0.65
2014;60.2;Черкаська область;-0.5;-0.82
2015;;Черкаська область;;
2016;;Черкаська область;;
2017;;Черкаська область;;
2018;;Черкаська область;;
2019;;Черкаська область;;
2020;;Черкаська область;;
2021;;Черкаська область;;
1989;115.8;Чернівецька область;;
1990;115.9;Чернівецька область;0.1;0.09
1991;115.9;Чернівецька область;0;0
1992;116.1;Чернівецька область;0.2;0.17
1993;116.8;Чернівецька область;0.7;0.6
1994;116.9;Чернівецька область;0.1;0.09
1995;116.7;Чернівецька область;-0.2;-0.17
1996;116.7;Чернівецька область;0;0
1997;116.4;Чернівецька область;-0.3;-0.26
1998;116;Чернівецька область;-0.4;-0.34
1999;115.6;Чернівецька область;-0.4;-0.34
2000;115.1;Чернівецька область;-0.5;-0.43
2001;114.6;Чернівецька область;-0.5;-0.43
2002;113.9;Чернівецька область;-0.7;-0.61
2003;113.4;Чернівецька область;-0.5;-0.44
2004;112.9;Чернівецька область;-0.5;-0.44
2005;112.5;Чернівецька область;-0.4;-0.35
2006;112.1;Чернівецька область;-0.4;-0.36
2007;111.9;Чернівецька область;-0.2;-0.18
2008;111.7;Чернівецька область;-0.2;-0.18
2009;111.6;Чернівецька область;-0.1;-0.09
2010;111.7;Чернівецька область;0.1;0.09
2011;111.7;Чернівецька область;0;0
2012;111.8;Чернівецька область;0.1;0.09
2013;112.1;Чернівецька область;0.3;0.27
2014;112.2;Чернівецька область;0.1;0.09
2015;;Чернівецька область;;
2016;;Чернівецька область;;
2017;;Чернівецька область;;
2018;;Чернівецька область;;
2019;;Чернівецька область;;
2020;;Чернівецька область;;
2021;;Чернівецька область;;
1989;44.4;Чернігівська область;;
1990;44.3;Чернігівська область;-0.1;-0.23
1991;44.1;Чернігівська область;-0.2;-0.45
1992;43.8;Чернігівська область;-0.3;-0.68
1993;43.7;Чернігівська область;-0.1;-0.23
1994;43.4;Чернігівська область;-0.3;-0.69
1995;42.9;Чернігівська область;-0.5;-1.15
1996;42.3;Чернігівська область;-0.6;-1.4
1997;41.7;Чернігівська область;-0.6;-1.42
1998;41.2;Чернігівська область;-0.5;-1.2
1999;40.7;Чернігівська область;-0.5;-1.21
2000;40.1;Чернігівська область;-0.6;-1.47
2001;39.6;Чернігівська область;-0.5;-1.25
2002;39;Чернігівська область;-0.6;-1.52
2003;38.4;Чернігівська область;-0.6;-1.54
2004;37.8;Чернігівська область;-0.6;-1.56
2005;37.2;Чернігівська область;-0.6;-1.59
2006;36.6;Чернігівська область;-0.6;-1.61
2007;36.1;Чернігівська область;-0.5;-1.37
2008;35.6;Чернігівська область;-0.5;-1.39
2009;35.2;Чернігівська область;-0.4;-1.12
2010;34.8;Чернігівська область;-0.4;-1.14
2011;34.4;Чернігівська область;-0.4;-1.15
2012;34.1;Чернігівська область;-0.3;-0.87
2013;33.8;Чернігівська область;-0.3;-0.88
2014;33.4;Чернігівська область;-0.4;-1.18
2015;;Чернігівська область;;
2016;;Чернігівська область;;
2017;;Чернігівська область;;
2018;;Чернігівська область;;
2019;;Чернігівська область;;
2020;;Чернігівська область;;
2021;;Чернігівська область;;
1989;3253.5;м. Київ;;
1990;3280.5;м. Київ;27;0.83
1991;3304.3;м. Київ;23.8;0.73
1992;3314.1;м. Київ;9.8;0.3
1993;3318.3;м. Київ;4.2;0.13
1994;3316.9;м. Київ;-1.4;-0.04
1995;3304.8;м. Київ;-12.1;-0.36
1996;3297.4;м. Київ;-7.4;-0.22
1997;3287;м. Київ;-10.4;-0.32
1998;3281.6;м. Київ;-5.4;-0.16
1999;3272.9;м. Київ;-8.7;-0.27
2000;3269.1;м. Київ;-3.8;-0.12
2001;3266.4;м. Київ;-2.7;-0.08
2002;3264.3;м. Київ;-2.1;-0.06
2003;3277.1;м. Київ;12.8;0.39
2004;3298.8;м. Київ;21.7;0.66
2005;3333;м. Київ;34.2;1.04
2006;3366.5;м. Київ;33.5;1.01
2007;3397.6;м. Київ;31.1;0.92
2008;3425.3;м. Київ;27.7;0.82
2009;3456.9;м. Київ;31.6;0.92
2010;3333.2;м. Київ;-123.7;-3.58
2011;3350;м. Київ;16.8;0.5
2012;3368;м. Київ;18;0.54
2013;3404.8;м. Київ;36.8;1.09
2014;3433.2;м. Київ;28.4;0.83
2015;;м. Київ;;
2016;;м. Київ;;
2017;;м. Київ;;
2018;;м. Київ;;
2019;;м. Київ;;
2020;;м. Київ;;
2021;;м. Київ;;
1989;438.9;м. Севастополь (міськрада);;
1990;442.3;м. Севастополь (міськрада);;0
1991;448.1;м. Севастополь (міськрада);;0
1992;457.2;м. Севастополь (міськрада);;0
1993;462.3;м. Севастополь (міськрада);;0
1994;462.4;м. Севастополь (міськрада);;0
1995;457.1;м. Севастополь (міськрада);;0
1996;452.1;м. Севастополь (міськрада);;0
1997;446.1;м. Севастополь (міськрада);;0
1998;440.7;м. Севастополь (міськрада);;0
1999;434.9;м. Севастополь (міськрада);;0
2000;430.2;м. Севастополь (міськрада);;0
2001;425.6;м. Севастополь (міськрада);;0
2002;421.7;м. Севастополь (міськрада);;0
2003;420.6;м. Севастополь (міськрада);;0
2004;420.4;м. Севастополь (міськрада);;0
2005;420.7;м. Севастополь (міськрада);;0
2006;421.2;м. Севастополь (міськрада);;0
2007;421.3;м. Севастополь (міськрада);;0
2008;421.7;м. Севастополь (міськрада);;0
2009;422.3;м. Севастополь (міськрада);;0
2010;440.5;м. Севастополь (міськрада);;0
2011;441;м. Севастополь (міськрада);;0
2012;441.4;м. Севастополь (міськрада);;0
2013;444;м. Севастополь (міськрада);;0
2014;446.8;м. Севастополь (міськрада);;0
2015;;м. Севастополь (міськрада);;0
2016;;м. Севастополь (міськрада);;
2017;;м. Севастополь (міськрада);;
2018;;м. Севастополь (міськрада);;
2019;;м. Севастополь (міськрада);;
2020;;м. Севастополь (міськрада);;
2021;;м. Севастополь (міськрада);;
